ARTNO,ARTDESC,SITENAME,ONHANDQTY,ONHANDVALUE
1132398,"สายยางใส1/2"" 10M.พญานาค",คลังศูนย์กระจายสินค้า สาขาวังน้อย,62,3855.78
1132398,"สายยางใส1/2"" 10M.พญานาค",เมกาโฮม-แม่สอด,14,870.66
1132398,"สายยางใส1/2"" 10M.พญานาค",เมกาโฮม-บ่อวิน,1,55.22
1132398,"สายยางใส1/2"" 10M.พญานาค",เมกาโฮม-กบินทร์บุรี,13,808.47
1132398,"สายยางใส1/2"" 10M.พญานาค",เมกาโฮม-มีนบุรี,4,248.65
1132398,"สายยางใส1/2"" 10M.พญานาค",เมกาโฮม-อรัญประเทศ,15,829.60
1132398,"สายยางใส1/2"" 10M.พญานาค",เมกาโฮม-โรจนะ,23,1364.51
1132398,"สายยางใส1/2"" 10M.พญานาค",เมกาโฮม-หาดใหญ่,20,1243.80
1132398,"สายยางใส1/2"" 10M.พญานาค",เมกาโฮม-นครราชสีมา,13,767.40
1132398,"สายยางใส1/2"" 10M.พญานาค",เมกาโฮม-นครพนม,3,172.93
1132398,"สายยางใส1/2"" 10M.พญานาค",เมกาโฮม บ้านฉาง,6,358.31
1132398,"สายยางใส1/2"" 10M.พญานาค",เมกาโฮม-บางนาตราด,2,122.44
1132398,"สายยางใส1/2"" 10M.พญานาค",เมกาโฮม-พัทยา,10,612.98
1132398,"สายยางใส1/2"" 10M.พญานาค",เมกาโฮม-ฉะเชิงเทรา,9,490.55
1132398,"สายยางใส1/2"" 10M.พญานาค",เมกาโฮม-สุราษฎร์ธานี,10,530.66
1132398,"สายยางใส1/2"" 10M.พญานาค",เมกาโฮม-บางพลี,1,54.42
1132398,"สายยางใส1/2"" 10M.พญานาค",เมกาโฮม-ติวานนท์,10,569.18
1132398,"สายยางใส1/2"" 10M.พญานาค",เมกาโฮม-นครปฐม,18,1119.42
1132398,"สายยางใส1/2"" 10M.พญานาค",เมกาโฮม-เชียงใหม่,1,60.68
1132398,"สายยางใส1/2"" 10M.พญานาค",เมกาโฮม-บางแสน,12,706.38
1132398,"สายยางใส1/2"" 10M.พญานาค",เมกาโฮม-ปลวกแดง,1,59.58
1132398,"สายยางใส1/2"" 10M.พญานาค",เมกาโฮม-ทุ่งสง,9,538.60
1132398,"สายยางใส1/2"" 10M.พญานาค",เมกาโฮม-เวียงสระ,9,559.71
1132398,"สายยางใส1/2"" 10M.พญานาค",โฮมโปร สาขาขอนแก่น,2,120.67
1132398,"สายยางใส1/2"" 10M.พญานาค",โฮมโปร สาขาอุดรธานี,9,545.78
1132398,"สายยางใส1/2"" 10M.พญานาค",โฮมโปร สาขาลำลูกกา,14,870.66
1132398,"สายยางใส1/2"" 10M.พญานาค",โฮมโปร สาขาสุพรรณบุรี,11,684.09
1132398,"สายยางใส1/2"" 10M.พญานาค",โฮมโปร สาขาเชียงราย,13,808.47
1132398,"สายยางใส1/2"" 10M.พญานาค",โฮมโปร สาขาศรีราชา,8,437.76
1132398,"สายยางใส1/2"" 10M.พญานาค",โฮมโปร สาขาภูเก็ต (เจ้าฟ้า),1,56.23
1132398,"สายยางใส1/2"" 10M.พญานาค",โฮมโปร สาขาระยอง (ทับมา),5,290.77
1132398,"สายยางใส1/2"" 10M.พญานาค",โฮมโปร สาขาพุทธมณฑล สาย4,6,373.14
1132399,"สายยางใส1""10M.พญานาค",คลังศูนย์กระจายสินค้า สาขาวังน้อย,25,3839.50
1132399,"สายยางใส1""10M.พญานาค",เมกาโฮม-แม่สอด,8,1225.62
1132399,"สายยางใส1""10M.พญานาค",เมกาโฮม-บ่อวิน,5,752.57
1132399,"สายยางใส1""10M.พญานาค",เมกาโฮม-กบินทร์บุรี,1,155.49
1132399,"สายยางใส1""10M.พญานาค",เมกาโฮม-อรัญประเทศ,4,594.66
1132399,"สายยางใส1""10M.พญานาค",เมกาโฮม-โรจนะ,1,150.86
1132399,"สายยางใส1""10M.พญานาค",เมกาโฮม-นครพนม,2,299.72
1132399,"สายยางใส1""10M.พญานาค",เมกาโฮม-เชียงราย,1,146.30
1132399,"สายยางใส1""10M.พญานาค",เมกาโฮม บ้านฉาง,2,307.66
1132399,"สายยางใส1""10M.พญานาค",เมกาโฮม-ฉะเชิงเทรา,21,3174.87
1132399,"สายยางใส1""10M.พญานาค",เมกาโฮม-สุราษฎร์ธานี,9,1350.49
1132399,"สายยางใส1""10M.พญานาค",เมกาโฮม-รัตนาธิเบศร์,-2,-310.10
1132399,"สายยางใส1""10M.พญานาค",เมกาโฮม-ติวานนท์,11,1658.09
1132399,"สายยางใส1""10M.พญานาค",เมกาโฮม-นครปฐม,6,909.32
1132399,"สายยางใส1""10M.พญานาค",เมกาโฮม-ปลวกแดง,4,619.82
1132399,"สายยางใส1""10M.พญานาค",เมกาโฮม-เวียงสระ,16,2425.19
1132399,"สายยางใส1""10M.พญานาค",โฮมโปร สาขาหาดใหญ่,6,932.94
1132399,"สายยางใส1""10M.พญานาค",โฮมโปร สาขาขอนแก่น,5,767.53
1132399,"สายยางใส1""10M.พญานาค",โฮมโปร สาขานครศรีธรรมราช,8,1243.92
1132399,"สายยางใส1""10M.พญานาค",โฮมโปร สาขาสุพรรณบุรี,1,155.49
1132399,"สายยางใส1""10M.พญานาค",โฮมโปร สาขาหาดใหญ่(กาญจนวนิช),8,1242.85
1132399,"สายยางใส1""10M.พญานาค",โฮมโปร สาขาชุมพร,10,1554.90
1132399,"สายยางใส1""10M.พญานาค",โฮมโปร สาขาเชียงราย,6,932.94
1132399,"สายยางใส1""10M.พญานาค",โฮมโปร สาขาศรีราชา,6,893.91
1132399,"สายยางใส1""10M.พญานาค",โฮมโปร สาขาระยอง (ทับมา),3,463.76
1132399,"สายยางใส1""10M.พญานาค",โฮมโปร สาขาพุทธมณฑล สาย4,2,310.98
1132470,"สายยางใส2""  หนา 1.5 มม. 30 เมตรพญานาค",เมกาโฮม-รังสิต,9,13252.90
1132470,"สายยางใส2""  หนา 1.5 มม. 30 เมตรพญานาค",เมกาโฮม-บ่อวิน,10,12621.46
1132470,"สายยางใส2""  หนา 1.5 มม. 30 เมตรพญานาค",เมกาโฮม-มีนบุรี,1,1566.71
1132470,"สายยางใส2""  หนา 1.5 มม. 30 เมตรพญานาค",เมกาโฮม-โรจนะ,7,10643.11
1132470,"สายยางใส2""  หนา 1.5 มม. 30 เมตรพญานาค",เมกาโฮม-นครราชสีมา,20,30222.64
1132470,"สายยางใส2""  หนา 1.5 มม. 30 เมตรพญานาค",เมกาโฮม-เชียงใหม่,9,11052.00
1132470,"สายยางใส2""  หนา 1.5 มม. 30 เมตรพญานาค",โฮมโปร สาขาหัวหิน,4,6577.87
1132473,"สายยางเขียว5/8""10M.พญานาค",เมกาโฮม-รังสิต,1,80.79
1132473,"สายยางเขียว5/8""10M.พญานาค",เมกาโฮม-แม่สอด,15,1242.98
1132473,"สายยางเขียว5/8""10M.พญานาค",เมกาโฮม-บ่อวิน,14,1181.38
1132473,"สายยางเขียว5/8""10M.พญานาค",เมกาโฮม-กบินทร์บุรี,10,821.48
1132473,"สายยางเขียว5/8""10M.พญานาค",เมกาโฮม-อรัญประเทศ,5,393.72
1132473,"สายยางเขียว5/8""10M.พญานาค",เมกาโฮม-เชียงใหม่,1,84.67
1132473,"สายยางเขียว5/8""10M.พญานาค",โฮมโปร สาขาอุดรธานี,20,1754.55
1132473,"สายยางเขียว5/8""10M.พญานาค",โฮมโปร สาขาระยอง (ทับมา),22,1790.03
1132492,"สายยางใส3/4""  หนา 1.5 มม.100 เมตรพญานาค",เมกาโฮม-แม่สอด,6,7996.52
1132492,"สายยางใส3/4""  หนา 1.5 มม.100 เมตรพญานาค",เมกาโฮม-บ่อวิน,5,6021.72
1132492,"สายยางใส3/4""  หนา 1.5 มม.100 เมตรพญานาค",เมกาโฮม-กบินทร์บุรี,6,6444.45
1132492,"สายยางใส3/4""  หนา 1.5 มม.100 เมตรพญานาค",เมกาโฮม-โรจนะ,7,7608.34
1132492,"สายยางใส3/4""  หนา 1.5 มม.100 เมตรพญานาค",เมกาโฮม-หาดใหญ่,3,4030.32
1132492,"สายยางใส3/4""  หนา 1.5 มม.100 เมตรพญานาค",เมกาโฮม บ้านฉาง,6,7513.04
1132492,"สายยางใส3/4""  หนา 1.5 มม.100 เมตรพญานาค",เมกาโฮม-บางนาตราด,6,6320.13
1132492,"สายยางใส3/4""  หนา 1.5 มม.100 เมตรพญานาค",เมกาโฮม-พัทยา,4,5373.76
1132492,"สายยางใส3/4""  หนา 1.5 มม.100 เมตรพญานาค",เมกาโฮม-นครปฐม,6,8060.64
1132492,"สายยางใส3/4""  หนา 1.5 มม.100 เมตรพญานาค",เมกาโฮม-ปลวกแดง,15,19027.12
1132492,"สายยางใส3/4""  หนา 1.5 มม.100 เมตรพญานาค",เมกาโฮม-ทุ่งสง,6,7441.94
1132492,"สายยางใส3/4""  หนา 1.5 มม.100 เมตรพญานาค",เมกาโฮม-เวียงสระ,6,7369.68
1132492,"สายยางใส3/4""  หนา 1.5 มม.100 เมตรพญานาค",โฮมโปร สาขาลำลูกกา,9,12090.96
1132492,"สายยางใส3/4""  หนา 1.5 มม.100 เมตรพญานาค",โฮมโปร สาขาสุพรรณบุรี,6,8049.95
1132492,"สายยางใส3/4""  หนา 1.5 มม.100 เมตรพญานาค",โฮมโปร สาขาศรีราชา,6,6284.13
1132492,"สายยางใส3/4""  หนา 1.5 มม.100 เมตรพญานาค",โฮมโปร สาขาภูเก็ต (เจ้าฟ้า),5,5882.12
1132493,"สายยางใส1/2""20M.พญานาค",เมกาโฮม-แม่สอด,11,1368.40
1132493,"สายยางใส1/2""20M.พญานาค",เมกาโฮม-กบินทร์บุรี,6,740.90
1132493,"สายยางใส1/2""20M.พญานาค",เมกาโฮม-มีนบุรี,2,244.47
1132493,"สายยางใส1/2""20M.พญานาค",เมกาโฮม-อรัญประเทศ,19,2331.59
1132493,"สายยางใส1/2""20M.พญานาค",เมกาโฮม-โรจนะ,19,2298.16
1132493,"สายยางใส1/2""20M.พญานาค",เมกาโฮม-นครราชสีมา,6,728.78
1132493,"สายยางใส1/2""20M.พญานาค",เมกาโฮม-นครพนม,10,1188.20
1132493,"สายยางใส1/2""20M.พญานาค",เมกาโฮม บ้านฉาง,14,1684.34
1132493,"สายยางใส1/2""20M.พญานาค",เมกาโฮม-บางนาตราด,7,817.91
1132493,"สายยางใส1/2""20M.พญานาค",เมกาโฮม-พัทยา,5,620.35
1132493,"สายยางใส1/2""20M.พญานาค",เมกาโฮม-ฉะเชิงเทรา,6,686.54
1132493,"สายยางใส1/2""20M.พญานาค",เมกาโฮม-สุราษฎร์ธานี,8,970.99
1132493,"สายยางใส1/2""20M.พญานาค",เมกาโฮม-รัตนาธิเบศร์,-1,-123.40
1132493,"สายยางใส1/2""20M.พญานาค",เมกาโฮม-บางพลี,8,983.21
1132493,"สายยางใส1/2""20M.พญานาค",เมกาโฮม-ติวานนท์,3,343.88
1132493,"สายยางใส1/2""20M.พญานาค",เมกาโฮม-นครปฐม,6,609.46
1132493,"สายยางใส1/2""20M.พญานาค",เมกาโฮม-เชียงใหม่,11,1310.00
1132493,"สายยางใส1/2""20M.พญานาค",เมกาโฮม-บางแสน,11,1290.19
1132493,"สายยางใส1/2""20M.พญานาค",เมกาโฮม-ปลวกแดง,10,1240.44
1132493,"สายยางใส1/2""20M.พญานาค",เมกาโฮม-ทุ่งสง,5,619.07
1132493,"สายยางใส1/2""20M.พญานาค",เมกาโฮม-เวียงสระ,13,1606.68
1132493,"สายยางใส1/2""20M.พญานาค",โฮมโปร สาขาขอนแก่น,6,720.68
1132493,"สายยางใส1/2""20M.พญานาค",โฮมโปร สาขาอุดรธานี,11,1343.48
1132493,"สายยางใส1/2""20M.พญานาค",โฮมโปร สาขาลำลูกกา,30,3731.70
1132493,"สายยางใส1/2""20M.พญานาค",โฮมโปร สาขาสุพรรณบุรี,8,995.07
1132493,"สายยางใส1/2""20M.พญานาค",โฮมโปร สาขาศรีราชา,8,933.96
1132493,"สายยางใส1/2""20M.พญานาค",โฮมโปร สาขาพระราม 3,1,119.65
1132493,"สายยางใส1/2""20M.พญานาค",โฮมโปร สาขาระยอง (ทับมา),15,1803.54
1132493,"สายยางใส1/2""20M.พญานาค",โฮมโปร สาขาพุทธมณฑล สาย4,9,1119.60
1132505,"สายยางใส3/4""20M.พญานาค",เมกาโฮม-รังสิต,5,1240.28
1132505,"สายยางใส3/4""20M.พญานาค",เมกาโฮม-นครปฐม,11,2736.69
1132522,"สายยางใส5/8""  หนา 1.5 มม.100 เมตรพญานาค",เมกาโฮม-รังสิต,7,6582.48
1132522,"สายยางใส5/8""  หนา 1.5 มม.100 เมตรพญานาค",เมกาโฮม-หนองคาย,6,5042.19
1132522,"สายยางใส5/8""  หนา 1.5 มม.100 เมตรพญานาค",เมกาโฮม-กบินทร์บุรี,12,11946.93
1132522,"สายยางใส5/8""  หนา 1.5 มม.100 เมตรพญานาค",เมกาโฮม-อรัญประเทศ,1,969.76
1132522,"สายยางใส5/8""  หนา 1.5 มม.100 เมตรพญานาค",เมกาโฮม-โรจนะ,3,2793.32
1132522,"สายยางใส5/8""  หนา 1.5 มม.100 เมตรพญานาค",เมกาโฮม-หาดใหญ่,5,4844.68
1132522,"สายยางใส5/8""  หนา 1.5 มม.100 เมตรพญานาค",เมกาโฮม-นครราชสีมา,3,2552.59
1132522,"สายยางใส5/8""  หนา 1.5 มม.100 เมตรพญานาค",เมกาโฮม-นครพนม,6,5748.13
1132522,"สายยางใส5/8""  หนา 1.5 มม.100 เมตรพญานาค",เมกาโฮม-พัทยา,12,11370.17
1132522,"สายยางใส5/8""  หนา 1.5 มม.100 เมตรพญานาค",เมกาโฮม-เวียงสระ,6,5751.21
1132522,"สายยางใส5/8""  หนา 1.5 มม.100 เมตรพญานาค",โฮมโปร สาขาลำลูกกา,8,8060.64
1132525,"สายยางเขียว1""10M.พญานาค",คลังศูนย์กระจายสินค้า สาขาวังน้อย,2,236.05
1132525,"สายยางเขียว1""10M.พญานาค",เมกาโฮม-แม่สอด,21,2680.26
1132525,"สายยางเขียว1""10M.พญานาค",เมกาโฮม-หนองคาย,3,398.94
1132525,"สายยางเขียว1""10M.พญานาค",เมกาโฮม-บ่อวิน,12,1557.29
1132525,"สายยางเขียว1""10M.พญานาค",เมกาโฮม-กบินทร์บุรี,17,2213.32
1132525,"สายยางเขียว1""10M.พญานาค",เมกาโฮม-มีนบุรี,9,1062.22
1132525,"สายยางเขียว1""10M.พญานาค",เมกาโฮม-โรจนะ,2,244.94
1132525,"สายยางเขียว1""10M.พญานาค",เมกาโฮม-นครราชสีมา,6,738.15
1132525,"สายยางเขียว1""10M.พญานาค",เมกาโฮม-นครพนม,12,1561.61
1132525,"สายยางเขียว1""10M.พญานาค",เมกาโฮม-นครปฐม,10,1329.80
1132525,"สายยางเขียว1""10M.พญานาค",เมกาโฮม-เชียงใหม่,6,694.58
1132525,"สายยางเขียว1""10M.พญานาค",โฮมโปร สาขาอุดรธานี,9,1161.85
1132525,"สายยางเขียว1""10M.พญานาค",โฮมโปร สาขาเชียงราย,11,1462.78
1132525,"สายยางเขียว1""10M.พญานาค",โฮมโปร สาขาแม่สาย,11,1365.82
1132551,"สายยางใส1 1/4""  หนา 1.5 มม.50 เมตรพญานาค",เมกาโฮม-รังสิต,3,2990.17
1132551,"สายยางใส1 1/4""  หนา 1.5 มม.50 เมตรพญานาค",เมกาโฮม-มีนบุรี,8,7345.67
1132551,"สายยางใส1 1/4""  หนา 1.5 มม.50 เมตรพญานาค",เมกาโฮม-นครปฐม,7,7053.06
1132551,"สายยางใส1 1/4""  หนา 1.5 มม.50 เมตรพญานาค",เมกาโฮม-เชียงใหม่,7,6951.69
1132552,"สายยางเขียว3/4""10M.พญานาค",เมกาโฮม-รังสิต,3,312.81
1132552,"สายยางเขียว3/4""10M.พญานาค",เมกาโฮม-บ่อวิน,13,1379.48
1132552,"สายยางเขียว3/4""10M.พญานาค",เมกาโฮม-กบินทร์บุรี,13,1307.72
1132552,"สายยางเขียว3/4""10M.พญานาค",โฮมโปร สาขาอุดรธานี,12,1226.32
1132552,"สายยางเขียว3/4""10M.พญานาค",โฮมโปร สาขาเชียงราย,13,1435.59
1132552,"สายยางเขียว3/4""10M.พญานาค",โฮมโปร สาขาระยอง (ทับมา),23,2388.68
1132553,"สายยางเขียว1/2""10M.พญานาค",เมกาโฮม-รังสิต,2,127.64
1132553,"สายยางเขียว1/2""10M.พญานาค",เมกาโฮม-แม่สอด,8,493.30
1132553,"สายยางเขียว1/2""10M.พญานาค",เมกาโฮม-บ่อวิน,2,128.77
1132553,"สายยางเขียว1/2""10M.พญานาค",เมกาโฮม-กบินทร์บุรี,13,818.35
1132553,"สายยางเขียว1/2""10M.พญานาค",เมกาโฮม-โรจนะ,22,1349.43
1132553,"สายยางเขียว1/2""10M.พญานาค",เมกาโฮม-นครราชสีมา,8,471.43
1132553,"สายยางเขียว1/2""10M.พญานาค",โฮมโปร สาขาอุดรธานี,17,1087.47
1132553,"สายยางเขียว1/2""10M.พญานาค",โฮมโปร สาขาเชียงราย,15,997.20
1132553,"สายยางเขียว1/2""10M.พญานาค",โฮมโปร สาขาระยอง (ทับมา),6,350.19
1132554,"สายยางเขียว5/8"" หนา1.7 มม.100ม.พญานาค",เมกาโฮม-แม่สอด,15,12324.82
1132554,"สายยางเขียว5/8"" หนา1.7 มม.100ม.พญานาค",เมกาโฮม-บ่อวิน,4,3178.82
1132554,"สายยางเขียว5/8"" หนา1.7 มม.100ม.พญานาค",เมกาโฮม-โรจนะ,8,6573.81
1132554,"สายยางเขียว5/8"" หนา1.7 มม.100ม.พญานาค",โฮมโปร สาขาแม่สาย,7,5412.34
1132561,"สายยางใส1""  หนา 1.5 มม.100 เมตรพญานาค",คลังศูนย์กระจายสินค้า สาขาวังน้อย,25,41982.25
1132561,"สายยางใส1""  หนา 1.5 มม.100 เมตรพญานาค",เมกาโฮม-แม่สอด,6,9622.37
1132561,"สายยางใส1""  หนา 1.5 มม.100 เมตรพญานาค",เมกาโฮม-หนองคาย,7,10525.59
1132561,"สายยางใส1""  หนา 1.5 มม.100 เมตรพญานาค",เมกาโฮม-กบินทร์บุรี,1,1508.65
1132561,"สายยางใส1""  หนา 1.5 มม.100 เมตรพญานาค",เมกาโฮม-มีนบุรี,1,1320.62
1132561,"สายยางใส1""  หนา 1.5 มม.100 เมตรพญานาค",เมกาโฮม บ้านฉาง,3,4322.32
1132561,"สายยางใส1""  หนา 1.5 มม.100 เมตรพญานาค",เมกาโฮม-บางนาตราด,2,2741.49
1132561,"สายยางใส1""  หนา 1.5 มม.100 เมตรพญานาค",เมกาโฮม-พัทยา,4,6345.76
1132561,"สายยางใส1""  หนา 1.5 มม.100 เมตรพญานาค",เมกาโฮม-สุราษฎร์ธานี,6,9102.54
1132561,"สายยางใส1""  หนา 1.5 มม.100 เมตรพญานาค",เมกาโฮม-บางพลี,15,25189.35
1132561,"สายยางใส1""  หนา 1.5 มม.100 เมตรพญานาค",เมกาโฮม-ติวานนท์,5,7945.29
1132561,"สายยางใส1""  หนา 1.5 มม.100 เมตรพญานาค",เมกาโฮม-บางแสน,5,7126.52
1132561,"สายยางใส1""  หนา 1.5 มม.100 เมตรพญานาค",เมกาโฮม-ปลวกแดง,5,7333.72
1132561,"สายยางใส1""  หนา 1.5 มม.100 เมตรพญานาค",เมกาโฮม-ทุ่งสง,8,11468.78
1132561,"สายยางใส1""  หนา 1.5 มม.100 เมตรพญานาค",เมกาโฮม-เวียงสระ,5,8396.45
1132561,"สายยางใส1""  หนา 1.5 มม.100 เมตรพญานาค",โฮมโปร สาขาสุพรรณบุรี,6,10075.74
1132561,"สายยางใส1""  หนา 1.5 มม.100 เมตรพญานาค",โฮมโปร สาขาหาดใหญ่(กาญจนวนิช),0,0.00
1132561,"สายยางใส1""  หนา 1.5 มม.100 เมตรพญานาค",โฮมโปร สาขาชุมพร,4,6717.16
1132561,"สายยางใส1""  หนา 1.5 มม.100 เมตรพญานาค",โฮมโปร สาขาระยอง (ทับมา),8,10648.67
1132561,"สายยางใส1""  หนา 1.5 มม.100 เมตรพญานาค",โฮมโปร สาขาแม่สาย,6,8244.75
1132571,"สายยางใส3/4""10M.พญานาค",เมกาโฮม-แม่สอด,4,480.46
1132571,"สายยางใส3/4""10M.พญานาค",เมกาโฮม-บ่อวิน,1,103.58
1132571,"สายยางใส3/4""10M.พญานาค",เมกาโฮม-กบินทร์บุรี,4,480.85
1132571,"สายยางใส3/4""10M.พญานาค",เมกาโฮม-โรจนะ,11,1297.72
1132571,"สายยางใส3/4""10M.พญานาค",เมกาโฮม-นครราชสีมา,20,2382.98
1132571,"สายยางใส3/4""10M.พญานาค",เมกาโฮม-นครพนม,9,1026.32
1132572,"สายยางเขียว3/4"" หนา1.8 มม.100 ม.พญานาค",เมกาโฮม-บ่อวิน,6,5803.57
1132572,"สายยางเขียว3/4"" หนา1.8 มม.100 ม.พญานาค",เมกาโฮม-มีนบุรี,1,842.29
1132573,"สายยางเขียว5/8""20M.พญานาค",เมกาโฮม-แม่สอด,31,5231.17
1132573,"สายยางเขียว5/8""20M.พญานาค",เมกาโฮม-บ่อวิน,19,3183.73
1132573,"สายยางเขียว5/8""20M.พญานาค",เมกาโฮม-อรัญประเทศ,9,1593.47
1132573,"สายยางเขียว5/8""20M.พญานาค",เมกาโฮม-นครราชสีมา,11,1895.52
1132573,"สายยางเขียว5/8""20M.พญานาค",เมกาโฮม-นครพนม,17,2976.19
1132573,"สายยางเขียว5/8""20M.พญานาค",เมกาโฮม-ทุ่งสง,0,0.00
1132574,"สายยางเขียว1""20M.พญานาค",เมกาโฮม-รังสิต,5,1098.38
1132574,"สายยางเขียว1""20M.พญานาค",เมกาโฮม-แม่สอด,8,2121.88
1132574,"สายยางเขียว1""20M.พญานาค",เมกาโฮม-บ่อวิน,16,4254.62
1132574,"สายยางเขียว1""20M.พญานาค",เมกาโฮม-กบินทร์บุรี,17,3857.81
1132574,"สายยางเขียว1""20M.พญานาค",เมกาโฮม-มีนบุรี,14,3205.09
1132574,"สายยางเขียว1""20M.พญานาค",เมกาโฮม-อรัญประเทศ,18,4051.62
1132574,"สายยางเขียว1""20M.พญานาค",เมกาโฮม บ้านฉาง,17,3651.01
1132574,"สายยางเขียว1""20M.พญานาค",เมกาโฮม-นครปฐม,10,2541.25
1132574,"สายยางเขียว1""20M.พญานาค",เมกาโฮม-เชียงใหม่,5,1081.52
1132574,"สายยางเขียว1""20M.พญานาค",โฮมโปร สาขาอุดรธานี,9,2018.11
1132574,"สายยางเขียว1""20M.พญานาค",โฮมโปร สาขาแฟชั่นไอส์แลนด์,2,439.34
1132837,"สายยางใส 3"" 30M.พญานาค",เมกาโฮม-รังสิต,2,1663.11
1132837,"สายยางใส 3"" 30M.พญานาค",เมกาโฮม-บ่อวิน,7,5847.76
1132849,"สายยางเขียว3/4""20M.พญานาค",เมกาโฮม-รังสิต,8,1703.35
1132849,"สายยางเขียว3/4""20M.พญานาค",เมกาโฮม-หนองคาย,8,1688.00
1132849,"สายยางเขียว3/4""20M.พญานาค",เมกาโฮม-บ่อวิน,10,2082.67
1132849,"สายยางเขียว3/4""20M.พญานาค",เมกาโฮม-มีนบุรี,3,650.53
1132972,"สายยางใส5/8""20M.พญานาค",เมกาโฮม-รังสิต,16,2581.67
1132972,"สายยางใส5/8""20M.พญานาค",เมกาโฮม-แม่สอด,7,1217.14
1132972,"สายยางใส5/8""20M.พญานาค",เมกาโฮม-หนองคาย,9,1467.05
1132972,"สายยางใส5/8""20M.พญานาค",เมกาโฮม-อรัญประเทศ,0,0.00
1132972,"สายยางใส5/8""20M.พญานาค",เมกาโฮม-โรจนะ,7,1176.15
1132972,"สายยางใส5/8""20M.พญานาค",เมกาโฮม-นครราชสีมา,21,3126.76
1132972,"สายยางใส5/8""20M.พญานาค",เมกาโฮม-นครพนม,12,2053.80
1132972,"สายยางใส5/8""20M.พญานาค",เมกาโฮม-ทุ่งสง,1,165.43
1133007,"สายยางใส5/8""10M.พญานาค",เมกาโฮม-แม่สอด,5,429.21
1133007,"สายยางใส5/8""10M.พญานาค",เมกาโฮม-บ่อวิน,3,271.82
1133007,"สายยางใส5/8""10M.พญานาค",เมกาโฮม-กบินทร์บุรี,8,729.90
1133007,"สายยางใส5/8""10M.พญานาค",เมกาโฮม-มีนบุรี,2,186.12
1133007,"สายยางใส5/8""10M.พญานาค",เมกาโฮม-โรจนะ,12,1053.32
1133007,"สายยางใส5/8""10M.พญานาค",เมกาโฮม-นครราชสีมา,2,168.89
1133007,"สายยางใส5/8""10M.พญานาค",เมกาโฮม-นครพนม,14,1188.84
1133007,"สายยางใส5/8""10M.พญานาค",เมกาโฮม บ้านฉาง,10,908.05
1133007,"สายยางใส5/8""10M.พญานาค",เมกาโฮม-ฉะเชิงเทรา,24,2168.23
1133007,"สายยางใส5/8""10M.พญานาค",เมกาโฮม-ติวานนท์,17,1524.37
1133007,"สายยางใส5/8""10M.พญานาค",เมกาโฮม-นครปฐม,2,171.42
1133007,"สายยางใส5/8""10M.พญานาค",เมกาโฮม-เชียงใหม่,17,1557.99
1133007,"สายยางใส5/8""10M.พญานาค",เมกาโฮม-บางแสน,7,633.67
1133007,"สายยางใส5/8""10M.พญานาค",เมกาโฮม-ปลวกแดง,1,92.21
1133007,"สายยางใส5/8""10M.พญานาค",เมกาโฮม-ทุ่งสง,11,1000.40
1133007,"สายยางใส5/8""10M.พญานาค",โฮมโปร สาขาขอนแก่น,8,726.69
1133007,"สายยางใส5/8""10M.พญานาค",โฮมโปร สาขาศรีราชา,8,734.68
1133007,"สายยางใส5/8""10M.พญานาค",โฮมโปร สาขาภูเก็ต (เจ้าฟ้า),6,554.85
1133007,"สายยางใส5/8""10M.พญานาค",โฮมโปร สาขาระยอง (ทับมา),2,183.22
1133114,"สายยางม้วน PVC เขียว พญานาค 1"" 100M CL",เมกาโฮม-รังสิต,6,7098.22
1133114,"สายยางม้วน PVC เขียว พญานาค 1"" 100M CL",เมกาโฮม-แม่สอด,12,14227.38
1133267,"สายยางเขียว1/2""20M.พญานาค",คลังศูนย์กระจายสินค้า สาขาวังน้อย,5,660.19
1133267,"สายยางเขียว1/2""20M.พญานาค",เมกาโฮม-แม่สอด,6,698.09
1133267,"สายยางเขียว1/2""20M.พญานาค",เมกาโฮม-หนองคาย,13,1701.89
1133267,"สายยางเขียว1/2""20M.พญานาค",เมกาโฮม-บ่อวิน,7,899.21
1133267,"สายยางเขียว1/2""20M.พญานาค",เมกาโฮม-กบินทร์บุรี,9,1172.94
1133267,"สายยางเขียว1/2""20M.พญานาค",เมกาโฮม-โรจนะ,14,1861.72
1133267,"สายยางเขียว1/2""20M.พญานาค",เมกาโฮม-นครราชสีมา,12,1504.72
1133267,"สายยางเขียว1/2""20M.พญานาค",เมกาโฮม-นครพนม,11,1409.54
1133267,"สายยางเขียว1/2""20M.พญานาค",เมกาโฮม-บางนาตราด,1,132.04
1133267,"สายยางเขียว1/2""20M.พญานาค",โฮมโปร สาขาเชียงใหม่,1,132.04
1133267,"สายยางเขียว1/2""20M.พญานาค",โฮมโปร สาขาอุดรธานี,4,477.78
1133267,"สายยางเขียว1/2""20M.พญานาค",โฮมโปร สาขาร้อยเอ็ด,2,264.08
1133267,"สายยางเขียว1/2""20M.พญานาค",โฮมโปร สาขาศรีราชา,11,1391.06
1133267,"สายยางเขียว1/2""20M.พญานาค",โฮมโปร สาขาระยอง (ทับมา),11,1414.51
1133267,"สายยางเขียว1/2""20M.พญานาค",โฮมโปร สาขาแม่สาย,10,1157.62
1145498,"สายยางใส1""20M.พญานาค",เมกาโฮม-รังสิต,-45.13,-701.32
1145498,"สายยางใส1""20M.พญานาค",เมกาโฮม-แม่สอด,160,2474.75
1145498,"สายยางใส1""20M.พญานาค",เมกาโฮม-หนองคาย,240,3646.70
1145498,"สายยางใส1""20M.พญานาค",เมกาโฮม-บ่อวิน,195,3025.01
1145498,"สายยางใส1""20M.พญานาค",เมกาโฮม-กบินทร์บุรี,5,76.91
1145498,"สายยางใส1""20M.พญานาค",เมกาโฮม-มีนบุรี,15,232.71
1145498,"สายยางใส1""20M.พญานาค",เมกาโฮม-อรัญประเทศ,116,1754.35
1145498,"สายยางใส1""20M.พญานาค",เมกาโฮม-โรจนะ,400,5862.67
1145498,"สายยางใส1""20M.พญานาค",เมกาโฮม-นครราชสีมา,140,2097.36
1145498,"สายยางใส1""20M.พญานาค",เมกาโฮม-นครพนม,80,1203.57
1145498,"สายยางใส1""20M.พญานาค",เมกาโฮม บ้านฉาง,20,309.75
1145498,"สายยางใส1""20M.พญานาค",เมกาโฮม-บางนาตราด,60,895.20
1145498,"สายยางใส1""20M.พญานาค",เมกาโฮม-พัทยา,40,617.60
1145498,"สายยางใส1""20M.พญานาค",เมกาโฮม-ฉะเชิงเทรา,120,1816.05
1145498,"สายยางใส1""20M.พญานาค",เมกาโฮม-สุราษฎร์ธานี,280,4278.25
1145498,"สายยางใส1""20M.พญานาค",เมกาโฮม-รัตนาธิเบศร์,180,2753.29
1145498,"สายยางใส1""20M.พญานาค",เมกาโฮม-บางพลี,120,1580.38
1145498,"สายยางใส1""20M.พญานาค",เมกาโฮม-ติวานนท์,60,911.89
1145498,"สายยางใส1""20M.พญานาค",เมกาโฮม-นครปฐม,60,918.46
1145498,"สายยางใส1""20M.พญานาค",เมกาโฮม-เชียงใหม่,160,1986.40
1145498,"สายยางใส1""20M.พญานาค",เมกาโฮม-บางแสน,0,0.00
1145498,"สายยางใส1""20M.พญานาค",เมกาโฮม-ปลวกแดง,140,2174.20
1145498,"สายยางใส1""20M.พญานาค",เมกาโฮม-ทุ่งสง,180,2798.27
1145498,"สายยางใส1""20M.พญานาค",เมกาโฮม-เวียงสระ,100,1554.50
1145498,"สายยางใส1""20M.พญานาค",โฮมโปร สาขาขอนแก่น,180,2754.96
1145498,"สายยางใส1""20M.พญานาค",โฮมโปร สาขาอุดรธานี,211,3118.12
1145498,"สายยางใส1""20M.พญานาค",โฮมโปร สาขาลำลูกกา,120,1864.80
1145498,"สายยางใส1""20M.พญานาค",โฮมโปร สาขาเชียงราย,40,622.00
1145498,"สายยางใส1""20M.พญานาค",โฮมโปร สาขาศรีราชา,260,3854.43
1145498,"สายยางใส1""20M.พญานาค",โฮมโปร สาขาภูเก็ต (เจ้าฟ้า),99,1539.10
1145498,"สายยางใส1""20M.พญานาค",โฮมโปร สาขาระยอง (ทับมา),92,1408.83
1145498,"สายยางใส1""20M.พญานาค",โฮมโปร สาขาแม่สาย,65,993.46
1145575,"สายยางม้วน PVC ใส พญานาค 5/16"" 100M CL",เมกาโฮม-รังสิต,365.3,1246.38
1145575,"สายยางม้วน PVC ใส พญานาค 5/16"" 100M CL",เมกาโฮม-บ่อวิน,512,1657.65
1145575,"สายยางม้วน PVC ใส พญานาค 5/16"" 100M CL",เมกาโฮม-กบินทร์บุรี,62,191.75
1145575,"สายยางม้วน PVC ใส พญานาค 5/16"" 100M CL",เมกาโฮม-มีนบุรี,265,891.56
1145575,"สายยางม้วน PVC ใส พญานาค 5/16"" 100M CL",เมกาโฮม-อรัญประเทศ,206,634.63
1145575,"สายยางม้วน PVC ใส พญานาค 5/16"" 100M CL",เมกาโฮม-เชียงราย,700,2167.23
1145575,"สายยางม้วน PVC ใส พญานาค 5/16"" 100M CL",โฮมโปร สาขาอุดรธานี,900,3005.01
1145575,"สายยางม้วน PVC ใส พญานาค 5/16"" 100M CL",โฮมโปร สาขาเชียงราย,300,1070.13
1145575,"สายยางม้วน PVC ใส พญานาค 5/16"" 100M CL",โฮมโปร สาขาลำพูน,279,823.05
1145575,"สายยางม้วน PVC ใส พญานาค 5/16"" 100M CL",โฮมโปร สาขาเชียงใหม่ (รวมโชค),120,354.00
1145575,"สายยางม้วน PVC ใส พญานาค 5/16"" 100M CL",โฮมโปร สาขาแม่สาย,100,318.05
1145576,"สายยางเขียว1/2"" หนา1.6 มม.100 ม.พญานาค",เมกาโฮม-รังสิต,308.11,1920.96
1145576,"สายยางเขียว1/2"" หนา1.6 มม.100 ม.พญานาค",เมกาโฮม-หนองคาย,500,2964.95
1145576,"สายยางเขียว1/2"" หนา1.6 มม.100 ม.พญานาค",เมกาโฮม-บ่อวิน,62,365.50
1145576,"สายยางเขียว1/2"" หนา1.6 มม.100 ม.พญานาค",เมกาโฮม-กบินทร์บุรี,253,1572.73
1145576,"สายยางเขียว1/2"" หนา1.6 มม.100 ม.พญานาค",เมกาโฮม-มีนบุรี,173,983.10
1145576,"สายยางเขียว1/2"" หนา1.6 มม.100 ม.พญานาค",เมกาโฮม-อรัญประเทศ,0,0.00
1145576,"สายยางเขียว1/2"" หนา1.6 มม.100 ม.พญานาค",โฮมโปร สาขาเชียงราย,500,3115.75
1145588,"สายยางใส2"" หนา0.6 มม. แบน30 เมตรพญานาค",เมกาโฮม-บ่อวิน,90,1428.29
1145588,"สายยางใส2"" หนา0.6 มม. แบน30 เมตรพญานาค",เมกาโฮม-กบินทร์บุรี,190,3316.58
1145588,"สายยางใส2"" หนา0.6 มม. แบน30 เมตรพญานาค",เมกาโฮม-มีนบุรี,204,3520.95
1145588,"สายยางใส2"" หนา0.6 มม. แบน30 เมตรพญานาค",เมกาโฮม-อรัญประเทศ,450,7212.54
1145588,"สายยางใส2"" หนา0.6 มม. แบน30 เมตรพญานาค",เมกาโฮม-พัทยา,210,4115.79
1145588,"สายยางใส2"" หนา0.6 มม. แบน30 เมตรพญานาค",เมกาโฮม-ติวานนท์,180,2495.15
1145588,"สายยางใส2"" หนา0.6 มม. แบน30 เมตรพญานาค",เมกาโฮม-เชียงใหม่,240,4453.14
1145588,"สายยางใส2"" หนา0.6 มม. แบน30 เมตรพญานาค",เมกาโฮม-เวียงสระ,210,4115.76
1145588,"สายยางใส2"" หนา0.6 มม. แบน30 เมตรพญานาค",โฮมโปร สาขาลำลูกกา,240,4479.93
1145588,"สายยางใส2"" หนา0.6 มม. แบน30 เมตรพญานาค",โฮมโปร สาขาสุพรรณบุรี,210,4115.79
1145609,"สายยางม้วน PVC ใส พญานาค 1/4"" CL 100m",เมกาโฮม-รังสิต,206.15,501.98
1145609,"สายยางม้วน PVC ใส พญานาค 1/4"" CL 100m",เมกาโฮม-บ่อวิน,366,955.57
1145609,"สายยางม้วน PVC ใส พญานาค 1/4"" CL 100m",เมกาโฮม-กบินทร์บุรี,308,826.10
1145609,"สายยางม้วน PVC ใส พญานาค 1/4"" CL 100m",เมกาโฮม-มีนบุรี,98,264.33
1145609,"สายยางม้วน PVC ใส พญานาค 1/4"" CL 100m",เมกาโฮม-นครราชสีมา,400,1139.44
1145609,"สายยางม้วน PVC ใส พญานาค 1/4"" CL 100m",เมกาโฮม บ้านฉาง,300,724.70
1145609,"สายยางม้วน PVC ใส พญานาค 1/4"" CL 100m",โฮมโปร สาขาอุดรธานี,299,875.35
1145609,"สายยางม้วน PVC ใส พญานาค 1/4"" CL 100m",โฮมโปร สาขาเชียงราย,600,1756.92
1145609,"สายยางม้วน PVC ใส พญานาค 1/4"" CL 100m",โฮมโปร สาขาเชียงใหม่ (รวมโชค),199,494.72
1145609,"สายยางม้วน PVC ใส พญานาค 1/4"" CL 100m",โฮมโปร สาขาแม่สาย,100,258.72
1145619,"สายยางใส1/2""  หนา 1.4 มม.100 เมตรพญานาค",เมกาโฮม-รังสิต,487.17,2022.70
1145619,"สายยางใส1/2""  หนา 1.4 มม.100 เมตรพญานาค",เมกาโฮม-บ่อวิน,76,321.09
1145619,"สายยางใส1/2""  หนา 1.4 มม.100 เมตรพญานาค",เมกาโฮม-กบินทร์บุรี,331,2217.05
1145619,"สายยางใส1/2""  หนา 1.4 มม.100 เมตรพญานาค",เมกาโฮม-มีนบุรี,265,1706.05
1145619,"สายยางใส1/2""  หนา 1.4 มม.100 เมตรพญานาค",เมกาโฮม-อรัญประเทศ,57,295.83
1145619,"สายยางใส1/2""  หนา 1.4 มม.100 เมตรพญานาค",เมกาโฮม-หาดใหญ่,300,2014.04
1145619,"สายยางใส1/2""  หนา 1.4 มม.100 เมตรพญานาค",เมกาโฮม-พัทยา,600,3531.56
1145619,"สายยางใส1/2""  หนา 1.4 มม.100 เมตรพญานาค",เมกาโฮม-เวียงสระ,-294,-1975.68
1145619,"สายยางใส1/2""  หนา 1.4 มม.100 เมตรพญานาค",โฮมโปร สาขาสุพรรณบุรี,300,2015.16
1145637,"สายยางใส 1 1/2"" หนา 2มม.x 50เมตร พญานาค",เมกาโฮม-รังสิต,388.31,10070.63
1145637,"สายยางใส 1 1/2"" หนา 2มม.x 50เมตร พญานาค",เมกาโฮม-แม่สอด,150,3882.32
1145637,"สายยางใส 1 1/2"" หนา 2มม.x 50เมตร พญานาค",เมกาโฮม-กบินทร์บุรี,100,2549.58
1145637,"สายยางใส 1 1/2"" หนา 2มม.x 50เมตร พญานาค",เมกาโฮม-มีนบุรี,185,4957.14
1145637,"สายยางใส 1 1/2"" หนา 2มม.x 50เมตร พญานาค",เมกาโฮม บ้านฉาง,150,3629.26
1145637,"สายยางใส 1 1/2"" หนา 2มม.x 50เมตร พญานาค",เมกาโฮม-นครปฐม,262,6261.10
1145637,"สายยางใส 1 1/2"" หนา 2มม.x 50เมตร พญานาค",เมกาโฮม-เชียงใหม่,150,3771.95
1155877,"สายยางเด้ง PVC ฟ้ามัน พญานาค 3/4""x20M",เมกาโฮม-รังสิต,6,2519.17
1155877,"สายยางเด้ง PVC ฟ้ามัน พญานาค 3/4""x20M",เมกาโฮม-หนองคาย,11,4080.38
1155877,"สายยางเด้ง PVC ฟ้ามัน พญานาค 3/4""x20M",เมกาโฮม-อรัญประเทศ,0,0.00
1155877,"สายยางเด้ง PVC ฟ้ามัน พญานาค 3/4""x20M",เมกาโฮม บ้านฉาง,9,3831.55
1155877,"สายยางเด้ง PVC ฟ้ามัน พญานาค 3/4""x20M",เมกาโฮม-บางนาตราด,7,2722.16
1155903,"สายยางเด้ง PVC ฟ้ามัน พญานาค 5/8""x20M",เมกาโฮม-กบินทร์บุรี,7,2087.78
1155903,"สายยางเด้ง PVC ฟ้ามัน พญานาค 5/8""x20M",เมกาโฮม-มีนบุรี,10,2853.20
1155903,"สายยางเด้ง PVC ฟ้ามัน พญานาค 5/8""x20M",เมกาโฮม-โรจนะ,8,2091.16
1155903,"สายยางเด้ง PVC ฟ้ามัน พญานาค 5/8""x20M",เมกาโฮม-นครพนม,9,2589.53
1155903,"สายยางเด้ง PVC ฟ้ามัน พญานาค 5/8""x20M",เมกาโฮม บ้านฉาง,12,3724.11
1155903,"สายยางเด้ง PVC ฟ้ามัน พญานาค 5/8""x20M",เมกาโฮม-รัตนาธิเบศร์,2,620.27
1155903,"สายยางเด้ง PVC ฟ้ามัน พญานาค 5/8""x20M",เมกาโฮม-บางพลี,8,2176.54
1155903,"สายยางเด้ง PVC ฟ้ามัน พญานาค 5/8""x20M",เมกาโฮม-ติวานนท์,6,1839.30
1155903,"สายยางเด้ง PVC ฟ้ามัน พญานาค 5/8""x20M",เมกาโฮม-นครปฐม,7,2076.00
1155903,"สายยางเด้ง PVC ฟ้ามัน พญานาค 5/8""x20M",เมกาโฮม-เชียงใหม่,8,2392.68
1155903,"สายยางเด้ง PVC ฟ้ามัน พญานาค 5/8""x20M",เมกาโฮม-บางแสน,4,1215.85
1155903,"สายยางเด้ง PVC ฟ้ามัน พญานาค 5/8""x20M",เมกาโฮม-ปลวกแดง,4,1217.51
1155903,"สายยางเด้ง PVC ฟ้ามัน พญานาค 5/8""x20M",เมกาโฮม-ทุ่งสง,5,1568.54
1155903,"สายยางเด้ง PVC ฟ้ามัน พญานาค 5/8""x20M",โฮมโปร สาขาขอนแก่น,11,3232.21
1155903,"สายยางเด้ง PVC ฟ้ามัน พญานาค 5/8""x20M",โฮมโปร สาขาภูเก็ต (เจ้าฟ้า),8,2244.89
1155951,"สายยางเด้ง PVC ฟ้ามัน พญานาค 5/8""x10M",เมกาโฮม-กบินทร์บุรี,9,1425.14
1155951,"สายยางเด้ง PVC ฟ้ามัน พญานาค 5/8""x10M",เมกาโฮม-มีนบุรี,2,316.42
1155951,"สายยางเด้ง PVC ฟ้ามัน พญานาค 5/8""x10M",เมกาโฮม-อรัญประเทศ,4,618.85
1155951,"สายยางเด้ง PVC ฟ้ามัน พญานาค 5/8""x10M",เมกาโฮม-โรจนะ,26,3533.30
1155951,"สายยางเด้ง PVC ฟ้ามัน พญานาค 5/8""x10M",เมกาโฮม-นครราชสีมา,11,1714.10
1155951,"สายยางเด้ง PVC ฟ้ามัน พญานาค 5/8""x10M",เมกาโฮม-นครพนม,11,1598.76
1155951,"สายยางเด้ง PVC ฟ้ามัน พญานาค 5/8""x10M",เมกาโฮม บ้านฉาง,0,0.00
1155951,"สายยางเด้ง PVC ฟ้ามัน พญานาค 5/8""x10M",เมกาโฮม-ฉะเชิงเทรา,13,2039.48
1155951,"สายยางเด้ง PVC ฟ้ามัน พญานาค 5/8""x10M",เมกาโฮม-สุราษฎร์ธานี,17,2559.13
1155951,"สายยางเด้ง PVC ฟ้ามัน พญานาค 5/8""x10M",เมกาโฮม-บางพลี,9,1408.31
1155951,"สายยางเด้ง PVC ฟ้ามัน พญานาค 5/8""x10M",เมกาโฮม-ติวานนท์,19,2962.34
1155951,"สายยางเด้ง PVC ฟ้ามัน พญานาค 5/8""x10M",เมกาโฮม-นครปฐม,10,1583.90
1155951,"สายยางเด้ง PVC ฟ้ามัน พญานาค 5/8""x10M",เมกาโฮม-เชียงใหม่,14,2147.19
1155951,"สายยางเด้ง PVC ฟ้ามัน พญานาค 5/8""x10M",เมกาโฮม-บางแสน,9,1392.75
1155951,"สายยางเด้ง PVC ฟ้ามัน พญานาค 5/8""x10M",เมกาโฮม-ปลวกแดง,6,931.09
1155951,"สายยางเด้ง PVC ฟ้ามัน พญานาค 5/8""x10M",เมกาโฮม-ทุ่งสง,8,1196.83
1155951,"สายยางเด้ง PVC ฟ้ามัน พญานาค 5/8""x10M",โฮมโปร สาขาขอนแก่น,10,1540.44
1155961,"สายยางเด้ง PVC ฟ้ามัน พญานาค 3/4""x10M",เมกาโฮม-รังสิต,13,2353.19
1155961,"สายยางเด้ง PVC ฟ้ามัน พญานาค 3/4""x10M",เมกาโฮม-มีนบุรี,3,627.13
1155961,"สายยางเด้ง PVC ฟ้ามัน พญานาค 3/4""x10M",เมกาโฮม-อรัญประเทศ,17,3408.38
1155961,"สายยางเด้ง PVC ฟ้ามัน พญานาค 3/4""x10M",เมกาโฮม-นครราชสีมา,10,1835.85
